<annotation>
	<folder>my-project-name</folder>
	<filename>14.jpeg</filename>
	<path>/my-project-name/14.jpeg</path>
	<source>
		<database>Unspecified</database>
	</source>
	<size>
		<width>367</width>
		<height>137</height>
		<depth>3</depth>
	</size>
	<object>
		<name>Available</name>
		<pose>Unspecified</pose>
		<truncated>0</truncated>
		<difficult>0</difficult>
		<bndbox>
			<xmin>15</xmin>
			<ymin>7</ymin>
			<xmax>31</xmax>
			<ymax>33</ymax>
		</bndbox>
	</object>
	<object>
		<name>Available</name>
		<pose>Unspecified</pose>
		<truncated>0</truncated>
		<difficult>0</difficult>
		<bndbox>
			<xmin>38</xmin>
			<ymin>7</ymin>
			<xmax>53</xmax>
			<ymax>37</ymax>
		</bndbox>
	</object>
	<object>
		<name>Available</name>
		<pose>Unspecified</pose>
		<truncated>0</truncated>
		<difficult>0</difficult>
		<bndbox>
			<xmin>117</xmin>
			<ymin>9</ymin>
			<xmax>137</xmax>
			<ymax>37</ymax>
		</bndbox>
	</object>
	<object>
		<name>Available</name>
		<pose>Unspecified</pose>
		<truncated>0</truncated>
		<difficult>0</difficult>
		<bndbox>
			<xmin>138</xmin>
			<ymin>9</ymin>
			<xmax>159</xmax>
			<ymax>36</ymax>
		</bndbox>
	</object>
	<object>
		<name>Available</name>
		<pose>Unspecified</pose>
		<truncated>0</truncated>
		<difficult>0</difficult>
		<bndbox>
			<xmin>159</xmin>
			<ymin>11</ymin>
			<xmax>179</xmax>
			<ymax>37</ymax>
		</bndbox>
	</object>
	<object>
		<name>Available</name>
		<pose>Unspecified</pose>
		<truncated>0</truncated>
		<difficult>0</difficult>
		<bndbox>
			<xmin>221</xmin>
			<ymin>10</ymin>
			<xmax>242</xmax>
			<ymax>36</ymax>
		</bndbox>
	</object>
	<object>
		<name>Available</name>
		<pose>Unspecified</pose>
		<truncated>0</truncated>
		<difficult>0</difficult>
		<bndbox>
			<xmin>261</xmin>
			<ymin>10</ymin>
			<xmax>284</xmax>
			<ymax>37</ymax>
		</bndbox>
	</object>
	<object>
		<name>Available</name>
		<pose>Unspecified</pose>
		<truncated>0</truncated>
		<difficult>0</difficult>
		<bndbox>
			<xmin>304</xmin>
			<ymin>9</ymin>
			<xmax>324</xmax>
			<ymax>36</ymax>
		</bndbox>
	</object>
	<object>
		<name>Available</name>
		<pose>Unspecified</pose>
		<truncated>0</truncated>
		<difficult>0</difficult>
		<bndbox>
			<xmin>4</xmin>
			<ymin>102</ymin>
			<xmax>18</xmax>
			<ymax>130</ymax>
		</bndbox>
	</object>
	<object>
		<name>Available</name>
		<pose>Unspecified</pose>
		<truncated>0</truncated>
		<difficult>0</difficult>
		<bndbox>
			<xmin>25</xmin>
			<ymin>102</ymin>
			<xmax>42</xmax>
			<ymax>131</ymax>
		</bndbox>
	</object>
	<object>
		<name>Available</name>
		<pose>Unspecified</pose>
		<truncated>0</truncated>
		<difficult>0</difficult>
		<bndbox>
			<xmin>92</xmin>
			<ymin>105</ymin>
			<xmax>107</xmax>
			<ymax>131</ymax>
		</bndbox>
	</object>
	<object>
		<name>Available</name>
		<pose>Unspecified</pose>
		<truncated>0</truncated>
		<difficult>0</difficult>
		<bndbox>
			<xmin>112</xmin>
			<ymin>104</ymin>
			<xmax>130</xmax>
			<ymax>132</ymax>
		</bndbox>
	</object>
	<object>
		<name>Available</name>
		<pose>Unspecified</pose>
		<truncated>0</truncated>
		<difficult>0</difficult>
		<bndbox>
			<xmin>156</xmin>
			<ymin>103</ymin>
			<xmax>175</xmax>
			<ymax>129</ymax>
		</bndbox>
	</object>
	<object>
		<name>Available</name>
		<pose>Unspecified</pose>
		<truncated>0</truncated>
		<difficult>0</difficult>
		<bndbox>
			<xmin>198</xmin>
			<ymin>102</ymin>
			<xmax>219</xmax>
			<ymax>132</ymax>
		</bndbox>
	</object>
	<object>
		<name>Available</name>
		<pose>Unspecified</pose>
		<truncated>0</truncated>
		<difficult>0</difficult>
		<bndbox>
			<xmin>222</xmin>
			<ymin>104</ymin>
			<xmax>244</xmax>
			<ymax>131</ymax>
		</bndbox>
	</object>
	<object>
		<name>Available</name>
		<pose>Unspecified</pose>
		<truncated>0</truncated>
		<difficult>0</difficult>
		<bndbox>
			<xmin>244</xmin>
			<ymin>104</ymin>
			<xmax>266</xmax>
			<ymax>130</ymax>
		</bndbox>
	</object>
	<object>
		<name>Available</name>
		<pose>Unspecified</pose>
		<truncated>0</truncated>
		<difficult>0</difficult>
		<bndbox>
			<xmin>267</xmin>
			<ymin>103</ymin>
			<xmax>288</xmax>
			<ymax>129</ymax>
		</bndbox>
	</object>
	<object>
		<name>Available</name>
		<pose>Unspecified</pose>
		<truncated>0</truncated>
		<difficult>0</difficult>
		<bndbox>
			<xmin>312</xmin>
			<ymin>104</ymin>
			<xmax>330</xmax>
			<ymax>129</ymax>
		</bndbox>
	</object>
</annotation>