<annotation>
	<folder>my-project-name</folder>
	<filename>2.jpeg</filename>
	<path>/my-project-name/2.jpeg</path>
	<source>
		<database>Unspecified</database>
	</source>
	<size>
		<width>330</width>
		<height>152</height>
		<depth>3</depth>
	</size>
	<object>
		<name>Available</name>
		<pose>Unspecified</pose>
		<truncated>0</truncated>
		<difficult>0</difficult>
		<bndbox>
			<xmin>138</xmin>
			<ymin>55</ymin>
			<xmax>187</xmax>
			<ymax>118</ymax>
		</bndbox>
	</object>
	<object>
		<name>Available</name>
		<pose>Unspecified</pose>
		<truncated>0</truncated>
		<difficult>0</difficult>
		<bndbox>
			<xmin>196</xmin>
			<ymin>52</ymin>
			<xmax>262</xmax>
			<ymax>115</ymax>
		</bndbox>
	</object>
	<object>
		<name>Available</name>
		<pose>Unspecified</pose>
		<truncated>0</truncated>
		<difficult>0</difficult>
		<bndbox>
			<xmin>270</xmin>
			<ymin>56</ymin>
			<xmax>324</xmax>
			<ymax>114</ymax>
		</bndbox>
	</object>
	<object>
		<name>Available</name>
		<pose>Unspecified</pose>
		<truncated>0</truncated>
		<difficult>0</difficult>
		<bndbox>
			<xmin>20</xmin>
			<ymin>57</ymin>
			<xmax>53</xmax>
			<ymax>106</ymax>
		</bndbox>
	</object>
</annotation>