<annotation>
	<folder>my-project-name</folder>
	<filename>21.jpeg</filename>
	<path>/my-project-name/21.jpeg</path>
	<source>
		<database>Unspecified</database>
	</source>
	<size>
		<width>275</width>
		<height>183</height>
		<depth>3</depth>
	</size>
	<object>
		<name>Available</name>
		<pose>Unspecified</pose>
		<truncated>0</truncated>
		<difficult>0</difficult>
		<bndbox>
			<xmin>135</xmin>
			<ymin>28</ymin>
			<xmax>188</xmax>
			<ymax>96</ymax>
		</bndbox>
	</object>
	<object>
		<name>Available</name>
		<pose>Unspecified</pose>
		<truncated>0</truncated>
		<difficult>0</difficult>
		<bndbox>
			<xmin>228</xmin>
			<ymin>28</ymin>
			<xmax>273</xmax>
			<ymax>94</ymax>
		</bndbox>
	</object>
</annotation>