<annotation>
	<folder>my-project-name</folder>
	<filename>29.jpeg</filename>
	<path>/my-project-name/29.jpeg</path>
	<source>
		<database>Unspecified</database>
	</source>
	<size>
		<width>300</width>
		<height>168</height>
		<depth>3</depth>
	</size>
	<object>
		<name>Available</name>
		<pose>Unspecified</pose>
		<truncated>0</truncated>
		<difficult>0</difficult>
		<bndbox>
			<xmin>131</xmin>
			<ymin>9</ymin>
			<xmax>156</xmax>
			<ymax>46</ymax>
		</bndbox>
	</object>
	<object>
		<name>Available</name>
		<pose>Unspecified</pose>
		<truncated>0</truncated>
		<difficult>0</difficult>
		<bndbox>
			<xmin>227</xmin>
			<ymin>56</ymin>
			<xmax>247</xmax>
			<ymax>93</ymax>
		</bndbox>
	</object>
</annotation>