<annotation>
	<folder>my-project-name</folder>
	<filename>31.jpeg</filename>
	<path>/my-project-name/31.jpeg</path>
	<source>
		<database>Unspecified</database>
	</source>
	<size>
		<width>264</width>
		<height>191</height>
		<depth>3</depth>
	</size>
	<object>
		<name>Available</name>
		<pose>Unspecified</pose>
		<truncated>0</truncated>
		<difficult>0</difficult>
		<bndbox>
			<xmin>73</xmin>
			<ymin>10</ymin>
			<xmax>196</xmax>
			<ymax>66</ymax>
		</bndbox>
	</object>
	<object>
		<name>Available</name>
		<pose>Unspecified</pose>
		<truncated>0</truncated>
		<difficult>0</difficult>
		<bndbox>
			<xmin>74</xmin>
			<ymin>130</ymin>
			<xmax>193</xmax>
			<ymax>175</ymax>
		</bndbox>
	</object>
</annotation>