<annotation>
	<folder>my-project-name</folder>
	<filename>5.jpeg</filename>
	<path>/my-project-name/5.jpeg</path>
	<source>
		<database>Unspecified</database>
	</source>
	<size>
		<width>254</width>
		<height>199</height>
		<depth>3</depth>
	</size>
	<object>
		<name>Available</name>
		<pose>Unspecified</pose>
		<truncated>0</truncated>
		<difficult>0</difficult>
		<bndbox>
			<xmin>57</xmin>
			<ymin>43</ymin>
			<xmax>69</xmax>
			<ymax>64</ymax>
		</bndbox>
	</object>
	<object>
		<name>Available</name>
		<pose>Unspecified</pose>
		<truncated>0</truncated>
		<difficult>0</difficult>
		<bndbox>
			<xmin>70</xmin>
			<ymin>69</ymin>
			<xmax>81</xmax>
			<ymax>90</ymax>
		</bndbox>
	</object>
	<object>
		<name>Available</name>
		<pose>Unspecified</pose>
		<truncated>0</truncated>
		<difficult>0</difficult>
		<bndbox>
			<xmin>82</xmin>
			<ymin>69</ymin>
			<xmax>92</xmax>
			<ymax>91</ymax>
		</bndbox>
	</object>
	<object>
		<name>Available</name>
		<pose>Unspecified</pose>
		<truncated>0</truncated>
		<difficult>0</difficult>
		<bndbox>
			<xmin>70</xmin>
			<ymin>44</ymin>
			<xmax>79</xmax>
			<ymax>62</ymax>
		</bndbox>
	</object>
	<object>
		<name>Available</name>
		<pose>Unspecified</pose>
		<truncated>0</truncated>
		<difficult>0</difficult>
		<bndbox>
			<xmin>82</xmin>
			<ymin>43</ymin>
			<xmax>93</xmax>
			<ymax>62</ymax>
		</bndbox>
	</object>
	<object>
		<name>Available</name>
		<pose>Unspecified</pose>
		<truncated>0</truncated>
		<difficult>0</difficult>
		<bndbox>
			<xmin>93</xmin>
			<ymin>45</ymin>
			<xmax>105</xmax>
			<ymax>64</ymax>
		</bndbox>
	</object>
	<object>
		<name>Available</name>
		<pose>Unspecified</pose>
		<truncated>0</truncated>
		<difficult>0</difficult>
		<bndbox>
			<xmin>107</xmin>
			<ymin>45</ymin>
			<xmax>119</xmax>
			<ymax>62</ymax>
		</bndbox>
	</object>
	<object>
		<name>Available</name>
		<pose>Unspecified</pose>
		<truncated>0</truncated>
		<difficult>0</difficult>
		<bndbox>
			<xmin>119</xmin>
			<ymin>41</ymin>
			<xmax>130</xmax>
			<ymax>62</ymax>
		</bndbox>
	</object>
	<object>
		<name>Available</name>
		<pose>Unspecified</pose>
		<truncated>0</truncated>
		<difficult>0</difficult>
		<bndbox>
			<xmin>120</xmin>
			<ymin>70</ymin>
			<xmax>130</xmax>
			<ymax>91</ymax>
		</bndbox>
	</object>
	<object>
		<name>Available</name>
		<pose>Unspecified</pose>
		<truncated>0</truncated>
		<difficult>0</difficult>
		<bndbox>
			<xmin>145</xmin>
			<ymin>71</ymin>
			<xmax>156</xmax>
			<ymax>91</ymax>
		</bndbox>
	</object>
	<object>
		<name>Available</name>
		<pose>Unspecified</pose>
		<truncated>0</truncated>
		<difficult>0</difficult>
		<bndbox>
			<xmin>159</xmin>
			<ymin>71</ymin>
			<xmax>170</xmax>
			<ymax>91</ymax>
		</bndbox>
	</object>
	<object>
		<name>Available</name>
		<pose>Unspecified</pose>
		<truncated>0</truncated>
		<difficult>0</difficult>
		<bndbox>
			<xmin>147</xmin>
			<ymin>43</ymin>
			<xmax>156</xmax>
			<ymax>65</ymax>
		</bndbox>
	</object>
	<object>
		<name>Available</name>
		<pose>Unspecified</pose>
		<truncated>0</truncated>
		<difficult>0</difficult>
		<bndbox>
			<xmin>122</xmin>
			<ymin>153</ymin>
			<xmax>133</xmax>
			<ymax>175</ymax>
		</bndbox>
	</object>
	<object>
		<name>Available</name>
		<pose>Unspecified</pose>
		<truncated>0</truncated>
		<difficult>0</difficult>
		<bndbox>
			<xmin>112</xmin>
			<ymin>155</ymin>
			<xmax>119</xmax>
			<ymax>173</ymax>
		</bndbox>
	</object>
	<object>
		<name>Available</name>
		<pose>Unspecified</pose>
		<truncated>0</truncated>
		<difficult>0</difficult>
		<bndbox>
			<xmin>121</xmin>
			<ymin>127</ymin>
			<xmax>133</xmax>
			<ymax>147</ymax>
		</bndbox>
	</object>
</annotation>