<annotation>
	<folder>my-project-name</folder>
	<filename>shopping-mall-parking-lot-with-many-cars-aerial-top-view-from-drone-2GG84A7 (1).jpg</filename>
	<path>/my-project-name/shopping-mall-parking-lot-with-many-cars-aerial-top-view-from-drone-2GG84A7 (1).jpg</path>
	<source>
		<database>Unspecified</database>
	</source>
	<size>
		<width>1300</width>
		<height>956</height>
		<depth>3</depth>
	</size>
	<object>
		<name>Available</name>
		<pose>Unspecified</pose>
		<truncated>0</truncated>
		<difficult>0</difficult>
		<bndbox>
			<xmin>45</xmin>
			<ymin>13</ymin>
			<xmax>85</xmax>
			<ymax>83</ymax>
		</bndbox>
	</object>
	<object>
		<name>Available</name>
		<pose>Unspecified</pose>
		<truncated>0</truncated>
		<difficult>0</difficult>
		<bndbox>
			<xmin>96</xmin>
			<ymin>16</ymin>
			<xmax>141</xmax>
			<ymax>83</ymax>
		</bndbox>
	</object>
	<object>
		<name>Available</name>
		<pose>Unspecified</pose>
		<truncated>0</truncated>
		<difficult>0</difficult>
		<bndbox>
			<xmin>136</xmin>
			<ymin>21</ymin>
			<xmax>187</xmax>
			<ymax>86</ymax>
		</bndbox>
	</object>
	<object>
		<name>Available</name>
		<pose>Unspecified</pose>
		<truncated>0</truncated>
		<difficult>0</difficult>
		<bndbox>
			<xmin>366</xmin>
			<ymin>24</ymin>
			<xmax>398</xmax>
			<ymax>118</ymax>
		</bndbox>
	</object>
	<object>
		<name>Available</name>
		<pose>Unspecified</pose>
		<truncated>0</truncated>
		<difficult>0</difficult>
		<bndbox>
			<xmin>575</xmin>
			<ymin>11</ymin>
			<xmax>623</xmax>
			<ymax>94</ymax>
		</bndbox>
	</object>
	<object>
		<name>Available</name>
		<pose>Unspecified</pose>
		<truncated>0</truncated>
		<difficult>0</difficult>
		<bndbox>
			<xmin>752</xmin>
			<ymin>21</ymin>
			<xmax>795</xmax>
			<ymax>91</ymax>
		</bndbox>
	</object>
	<object>
		<name>Available</name>
		<pose>Unspecified</pose>
		<truncated>0</truncated>
		<difficult>0</difficult>
		<bndbox>
			<xmin>147</xmin>
			<ymin>115</ymin>
			<xmax>192</xmax>
			<ymax>177</ymax>
		</bndbox>
	</object>
	<object>
		<name>Available</name>
		<pose>Unspecified</pose>
		<truncated>0</truncated>
		<difficult>0</difficult>
		<bndbox>
			<xmin>366</xmin>
			<ymin>129</ymin>
			<xmax>398</xmax>
			<ymax>204</ymax>
		</bndbox>
	</object>
	<object>
		<name>Available</name>
		<pose>Unspecified</pose>
		<truncated>0</truncated>
		<difficult>0</difficult>
		<bndbox>
			<xmin>529</xmin>
			<ymin>112</ymin>
			<xmax>564</xmax>
			<ymax>204</ymax>
		</bndbox>
	</object>
	<object>
		<name>Available</name>
		<pose>Unspecified</pose>
		<truncated>0</truncated>
		<difficult>0</difficult>
		<bndbox>
			<xmin>741</xmin>
			<ymin>115</ymin>
			<xmax>800</xmax>
			<ymax>214</ymax>
		</bndbox>
	</object>
	<object>
		<name>Available</name>
		<pose>Unspecified</pose>
		<truncated>0</truncated>
		<difficult>0</difficult>
		<bndbox>
			<xmin>966</xmin>
			<ymin>112</ymin>
			<xmax>1009</xmax>
			<ymax>204</ymax>
		</bndbox>
	</object>
	<object>
		<name>Available</name>
		<pose>Unspecified</pose>
		<truncated>0</truncated>
		<difficult>0</difficult>
		<bndbox>
			<xmin>915</xmin>
			<ymin>0</ymin>
			<xmax>961</xmax>
			<ymax>91</ymax>
		</bndbox>
	</object>
	<object>
		<name>Available</name>
		<pose>Unspecified</pose>
		<truncated>0</truncated>
		<difficult>0</difficult>
		<bndbox>
			<xmin>1127</xmin>
			<ymin>123</ymin>
			<xmax>1170</xmax>
			<ymax>204</ymax>
		</bndbox>
	</object>
	<object>
		<name>Available</name>
		<pose>Unspecified</pose>
		<truncated>0</truncated>
		<difficult>0</difficult>
		<bndbox>
			<xmin>1127</xmin>
			<ymin>16</ymin>
			<xmax>1178</xmax>
			<ymax>83</ymax>
		</bndbox>
	</object>
	<object>
		<name>Available</name>
		<pose>Unspecified</pose>
		<truncated>0</truncated>
		<difficult>0</difficult>
		<bndbox>
			<xmin>80</xmin>
			<ymin>343</ymin>
			<xmax>136</xmax>
			<ymax>428</ymax>
		</bndbox>
	</object>
	<object>
		<name>Available</name>
		<pose>Unspecified</pose>
		<truncated>0</truncated>
		<difficult>0</difficult>
		<bndbox>
			<xmin>313</xmin>
			<ymin>463</ymin>
			<xmax>358</xmax>
			<ymax>552</ymax>
		</bndbox>
	</object>
	<object>
		<name>Available</name>
		<pose>Unspecified</pose>
		<truncated>0</truncated>
		<difficult>0</difficult>
		<bndbox>
			<xmin>468</xmin>
			<ymin>461</ymin>
			<xmax>519</xmax>
			<ymax>546</ymax>
		</bndbox>
	</object>
	<object>
		<name>Available</name>
		<pose>Unspecified</pose>
		<truncated>0</truncated>
		<difficult>0</difficult>
		<bndbox>
			<xmin>529</xmin>
			<ymin>345</ymin>
			<xmax>575</xmax>
			<ymax>439</ymax>
		</bndbox>
	</object>
	<object>
		<name>Available</name>
		<pose>Unspecified</pose>
		<truncated>0</truncated>
		<difficult>0</difficult>
		<bndbox>
			<xmin>795</xmin>
			<ymin>332</ymin>
			<xmax>862</xmax>
			<ymax>434</ymax>
		</bndbox>
	</object>
	<object>
		<name>Available</name>
		<pose>Unspecified</pose>
		<truncated>0</truncated>
		<difficult>0</difficult>
		<bndbox>
			<xmin>98</xmin>
			<ymin>712</ymin>
			<xmax>128</xmax>
			<ymax>790</ymax>
		</bndbox>
	</object>
</annotation>