<annotation>
	<folder>my-project-name</folder>
	<filename>Solent_Parking2_cropped.jpg</filename>
	<path>/my-project-name/Solent_Parking2_cropped.jpg</path>
	<source>
		<database>Unspecified</database>
	</source>
	<size>
		<width>628</width>
		<height>434</height>
		<depth>3</depth>
	</size>
	<object>
		<name>Available</name>
		<pose>Unspecified</pose>
		<truncated>0</truncated>
		<difficult>0</difficult>
		<bndbox>
			<xmin>341</xmin>
			<ymin>152</ymin>
			<xmax>365</xmax>
			<ymax>192</ymax>
		</bndbox>
	</object>
	<object>
		<name>Available</name>
		<pose>Unspecified</pose>
		<truncated>0</truncated>
		<difficult>0</difficult>
		<bndbox>
			<xmin>367</xmin>
			<ymin>151</ymin>
			<xmax>394</xmax>
			<ymax>193</ymax>
		</bndbox>
	</object>
	<object>
		<name>Available</name>
		<pose>Unspecified</pose>
		<truncated>0</truncated>
		<difficult>0</difficult>
		<bndbox>
			<xmin>397</xmin>
			<ymin>205</ymin>
			<xmax>422</xmax>
			<ymax>241</ymax>
		</bndbox>
	</object>
	<object>
		<name>Available</name>
		<pose>Unspecified</pose>
		<truncated>0</truncated>
		<difficult>0</difficult>
		<bndbox>
			<xmin>426</xmin>
			<ymin>152</ymin>
			<xmax>453</xmax>
			<ymax>192</ymax>
		</bndbox>
	</object>
	<object>
		<name>Available</name>
		<pose>Unspecified</pose>
		<truncated>0</truncated>
		<difficult>0</difficult>
		<bndbox>
			<xmin>483</xmin>
			<ymin>147</ymin>
			<xmax>511</xmax>
			<ymax>187</ymax>
		</bndbox>
	</object>
	<object>
		<name>Available</name>
		<pose>Unspecified</pose>
		<truncated>0</truncated>
		<difficult>0</difficult>
		<bndbox>
			<xmin>536</xmin>
			<ymin>151</ymin>
			<xmax>552</xmax>
			<ymax>187</ymax>
		</bndbox>
	</object>
	<object>
		<name>Available</name>
		<pose>Unspecified</pose>
		<truncated>0</truncated>
		<difficult>0</difficult>
		<bndbox>
			<xmin>375</xmin>
			<ymin>334</ymin>
			<xmax>400</xmax>
			<ymax>370</ymax>
		</bndbox>
	</object>
	<object>
		<name>Available</name>
		<pose>Unspecified</pose>
		<truncated>0</truncated>
		<difficult>0</difficult>
		<bndbox>
			<xmin>426</xmin>
			<ymin>331</ymin>
			<xmax>453</xmax>
			<ymax>370</ymax>
		</bndbox>
	</object>
	<object>
		<name>Available</name>
		<pose>Unspecified</pose>
		<truncated>0</truncated>
		<difficult>0</difficult>
		<bndbox>
			<xmin>431</xmin>
			<ymin>384</ymin>
			<xmax>456</xmax>
			<ymax>425</ymax>
		</bndbox>
	</object>
	<object>
		<name>Available</name>
		<pose>Unspecified</pose>
		<truncated>0</truncated>
		<difficult>0</difficult>
		<bndbox>
			<xmin>487</xmin>
			<ymin>377</ymin>
			<xmax>515</xmax>
			<ymax>425</ymax>
		</bndbox>
	</object>
	<object>
		<name>Available</name>
		<pose>Unspecified</pose>
		<truncated>0</truncated>
		<difficult>0</difficult>
		<bndbox>
			<xmin>290</xmin>
			<ymin>328</ymin>
			<xmax>313</xmax>
			<ymax>376</ymax>
		</bndbox>
	</object>
	<object>
		<name>Available</name>
		<pose>Unspecified</pose>
		<truncated>0</truncated>
		<difficult>0</difficult>
		<bndbox>
			<xmin>324</xmin>
			<ymin>22</ymin>
			<xmax>348</xmax>
			<ymax>64</ymax>
		</bndbox>
	</object>
	<object>
		<name>Available</name>
		<pose>Unspecified</pose>
		<truncated>0</truncated>
		<difficult>0</difficult>
		<bndbox>
			<xmin>124</xmin>
			<ymin>389</ymin>
			<xmax>146</xmax>
			<ymax>428</ymax>
		</bndbox>
	</object>
</annotation>