<annotation>
	<folder>my-project-name</folder>
	<filename>Solent_parking4.png</filename>
	<path>/my-project-name/Solent_parking4.png</path>
	<source>
		<database>Unspecified</database>
	</source>
	<size>
		<width>1045</width>
		<height>557</height>
		<depth>3</depth>
	</size>
	<object>
		<name>Available</name>
		<pose>Unspecified</pose>
		<truncated>0</truncated>
		<difficult>0</difficult>
		<bndbox>
			<xmin>159</xmin>
			<ymin>136</ymin>
			<xmax>205</xmax>
			<ymax>228</ymax>
		</bndbox>
	</object>
</annotation>