<annotation>
	<folder>my-project-name</folder>
	<filename>Solent_parking3 - Copy.png</filename>
	<path>/my-project-name/Solent_parking3 - Copy.png</path>
	<source>
		<database>Unspecified</database>
	</source>
	<size>
		<width>1083</width>
		<height>718</height>
		<depth>3</depth>
	</size>
	<object>
		<name>Available</name>
		<pose>Unspecified</pose>
		<truncated>0</truncated>
		<difficult>0</difficult>
		<bndbox>
			<xmin>562</xmin>
			<ymin>272</ymin>
			<xmax>636</xmax>
			<ymax>350</ymax>
		</bndbox>
	</object>
	<object>
		<name>Available</name>
		<pose>Unspecified</pose>
		<truncated>0</truncated>
		<difficult>0</difficult>
		<bndbox>
			<xmin>632</xmin>
			<ymin>274</ymin>
			<xmax>702</xmax>
			<ymax>342</ymax>
		</bndbox>
	</object>
</annotation>