<annotation>
	<folder>my-project-name</folder>
	<filename>Solent_parking3.png</filename>
	<path>/my-project-name/Solent_parking3.png</path>
	<source>
		<database>Unspecified</database>
	</source>
	<size>
		<width>1083</width>
		<height>718</height>
		<depth>3</depth>
	</size>
	<object>
		<name>Available</name>
		<pose>Unspecified</pose>
		<truncated>0</truncated>
		<difficult>0</difficult>
		<bndbox>
			<xmin>566</xmin>
			<ymin>265</ymin>
			<xmax>634</xmax>
			<ymax>358</ymax>
		</bndbox>
	</object>
	<object>
		<name>Available</name>
		<pose>Unspecified</pose>
		<truncated>0</truncated>
		<difficult>0</difficult>
		<bndbox>
			<xmin>632</xmin>
			<ymin>270</ymin>
			<xmax>698</xmax>
			<ymax>344</ymax>
		</bndbox>
	</object>
</annotation>